Time,header.seq,header.stamp.secs,header.stamp.nsecs,header.frame_id,latitude,longtitude,altitude,utm_easting,utm_northing,zone,letter
1695860108.341252,1,151741,0,GPS1_Frame,42.337174000000005,71.08642083333334,71.6,671880.8238280108,4689321.565056168,42,T
1695860116.3491616,2,151742,0,GPS1_Frame,42.337176,71.08642233333333,71.3,671880.9419551413,4689321.790172966,42,T
1695860124.3605711,3,151743,0,GPS1_Frame,42.337169499999995,71.08642083333334,73.3,671880.8360884563,4689321.06536554,42,T
1695860132.3708997,4,151744,0,GPS1_Frame,42.33716033333334,71.08641816666666,76.2,671880.6413723298,4689320.042086875,42,T
1695860140.3830457,5,151745,0,GPS1_Frame,42.33715316666667,71.0864165,78.5,671880.5235912361,4689319.242914319,42,T
1695860148.3947945,6,151746,0,GPS1_Frame,42.3371455,71.0864145,81.1,671880.3797109837,4689318.3875467945,42,T
1695860156.4060001,7,151747,0,GPS1_Frame,42.337134,71.08641283333333,85.1,671880.2737361215,4689317.107190681,42,T
1695860164.418552,8,151748,0,GPS1_Frame,42.337128833333324,71.08641333333334,87.0,671880.3290049662,4689316.534482505,42,T
1695860172.4288428,9,151749,0,GPS1_Frame,42.337123000000005,71.08641333333334,89.1,671880.3448980651,4689315.886735403,42,T
1695860180.439277,10,151750,0,GPS1_Frame,42.33711483333333,71.08641283333333,92.3,671880.3259562893,4689314.978878768,42,T
1695860188.4507215,11,151751,0,GPS1_Frame,42.33711,71.08641333333334,94.2,671880.3803169647,4689314.443184717,42,T
1695860196.4609063,12,151752,0,GPS1_Frame,42.33710316666667,71.08641166666666,96.7,671880.2616275211,4689313.681026295,42,T
1695860204.4702947,13,151753,0,GPS1_Frame,42.33709650000001,71.08640883333334,99.0,671880.0463690041,4689312.935016671,42,T
1695860212.48204,14,151754,0,GPS1_Frame,42.3370915,71.08640650000001,100.9,671879.8677616953,4689312.375088339,42,T
1695860220.493,15,151755,0,GPS1_Frame,42.337086666666664,71.08640483333333,102.6,671879.74362311,4689311.835014651,42,T
1695860228.5042784,16,151756,0,GPS1_Frame,42.337082833333334,71.08640433333333,104.2,671879.7128749614,4689311.408341589,42,T
1695860236.516082,17,151757,0,GPS1_Frame,42.33707666666666,71.0864025,106.4,671879.5786383157,4689310.719874532,42,T
1695860244.5277078,18,151758,0,GPS1_Frame,42.337076333333336,71.0864025,106.7,671879.5795464872,4689310.682860412,42,T
1695860252.5372298,19,151759,0,GPS1_Frame,42.33706633333333,71.086397,109.5,671879.1536780482,4689309.561319321,42,T
1695860260.548454,20,151800,0,GPS1_Frame,42.33706133333333,71.08639216666667,110.9,671878.7691098279,4689308.996337631,42,T
1695860268.5587249,21,151801,0,GPS1_Frame,42.33705583333334,71.08638933333333,112.3,671878.5506723927,4689308.379877485,42,T
1695860276.5702803,22,151802,0,GPS1_Frame,42.33705616666666,71.08639033333334,112.3,671878.6321485282,4689308.4189129565,42,T
1695860284.5811272,23,151803,0,GPS1_Frame,42.33705166666667,71.08638666666667,113.2,671878.3423329764,4689307.9118107185,42,T
1695860292.5922854,24,151804,0,GPS1_Frame,42.33704683333334,71.08638383333333,114.3,671878.1220791354,4689307.36937883,42,T
1695860300.6020393,25,151805,0,GPS1_Frame,42.337043166666675,71.086381,115.1,671877.8986466941,4689306.956496369,42,T
1695860308.611666,26,151806,0,GPS1_Frame,42.33703683333333,71.08637833333334,116.8,671877.6962102274,4689306.247837845,42,T
1695860316.6211348,27,151807,0,GPS1_Frame,42.337034499999994,71.08637916666666,117.2,671877.7712209551,4689305.990423459,42,T
1695860324.633089,28,151808,0,GPS1_Frame,42.33703166666666,71.08637783333333,117.9,671877.6690945434,4689305.673108322,42,T
1695860332.6436272,29,151809,0,GPS1_Frame,42.337030166666665,71.0863795,118.3,671877.8104884885,4689305.509913688,42,T
1695860340.6531787,30,151810,0,GPS1_Frame,42.33702783333333,71.08638183333333,119.1,671878.0090757341,4689305.255531317,42,T
1695860348.665431,31,151811,0,GPS1_Frame,42.337024500000005,71.08638216666667,120.1,671878.0456187967,4689304.886063904,42,T
1695860356.6767137,32,151812,0,GPS1_Frame,42.33702100000001,71.08637999999999,121.1,671877.8766550767,4689304.49303607,42,T
1695860364.687444,33,151813,0,GPS1_Frame,42.33701816666667,71.08637566666667,121.9,671877.5273755912,4689304.169656908,42,T
1695860372.7005012,34,151814,0,GPS1_Frame,42.33701733333334,71.08637683333333,122.4,671877.6257610646,4689304.079479841,42,T
1695860380.7108786,35,151815,0,GPS1_Frame,42.33701516666667,71.08637483333334,123.0,671877.466895393,4689303.834845385,42,T
1695860388.7214794,36,151816,0,GPS1_Frame,42.33701299999999,71.08637883333334,123.8,671877.802335849,4689303.602338966,42,T
1695860396.733063,37,151817,0,GPS1_Frame,42.33700916666667,71.086377,125.0,671877.6617416937,4689303.172970802,42,T
1695860404.7442336,38,151818,0,GPS1_Frame,42.3370075,71.08638216666667,125.9,671878.0919350368,4689302.998343806,42,T
1695860412.7519815,39,151819,0,GPS1_Frame,42.33700583333333,71.0863845,126.7,671878.2887060321,4689302.817989682,42,T
1695860420.7631888,40,151820,0,GPS1_Frame,42.33700483333334,71.08638516666666,127.3,671878.3463534298,4689302.708294889,42,T
1695860428.7742846,41,151821,0,GPS1_Frame,42.33700733333333,71.08638766666667,126.9,671878.5455031202,4689302.990954158,42,T
1695860436.7852292,42,151822,0,GPS1_Frame,42.33700733333333,71.08638966666668,127.2,671878.7102718496,4689302.99499686,42,T
1695860444.795768,43,151823,0,GPS1_Frame,42.3370075,71.08638966666668,127.5,671878.7098177673,4689303.013503919,42,T
1695860452.8058171,44,151824,0,GPS1_Frame,42.33700866666666,71.08639050000001,127.3,671878.7752928269,4689303.144737798,42,T
1695860460.817033,45,151825,0,GPS1_Frame,42.33700883333333,71.08639166666667,127.4,671878.8709538339,4689303.165603103,42,T
1695860468.827802,46,151826,0,GPS1_Frame,42.33700966666667,71.08639266666667,127.3,671878.9510677796,4689303.260159759,42,T
1695860476.8371794,47,151827,0,GPS1_Frame,42.33700866666666,71.086395,127.7,671879.1460224573,4689303.153833896,42,T
1695860484.8478446,48,151828,0,GPS1_Frame,42.33701416666666,71.086396,125.8,671879.2134220563,4689303.766588227,42,T
1695860492.8585284,49,151829,0,GPS1_Frame,42.33702266666666,71.0863965,123.1,671879.2314559547,4689304.711458956,42,T
1695860500.8683176,50,151830,0,GPS1_Frame,42.33704133333334,71.0864,117.4,671879.4689436593,4689306.79132442,42,T
1695860508.878561,51,151831,0,GPS1_Frame,42.3370465,71.0864015,115.6,671879.5784434984,4689307.368075322,42,T
1695860516.8902001,52,151832,0,GPS1_Frame,42.33704816666667,71.08640133333333,115.1,671879.5601719273,4689307.552809025,42,T
1695860524.9012184,53,151833,0,GPS1_Frame,42.3370495,71.08640199999999,114.7,671879.6114621172,4689307.702213081,42,T
1695860532.913471,54,151834,0,GPS1_Frame,42.337050166666664,71.08640016666666,114.4,671879.4586078778,4689307.772535488,42,T
1695860540.924801,55,151835,0,GPS1_Frame,42.337049166666674,71.08639516666668,114.5,671879.0494108396,4689307.651386328,42,T
1695860548.9365985,56,151836,0,GPS1_Frame,42.3370495,71.08639166666667,114.1,671878.7601575892,4689307.6813257,42,T
1695860556.9466696,57,151837,0,GPS1_Frame,42.337049166666674,71.08639066666666,114.1,671878.6786814433,4689307.642290228,42,T
1695860564.9590163,58,151838,0,GPS1_Frame,42.337050500000004,71.0863915,113.8,671878.7437023725,4689307.792031167,42,T
1695860572.9698668,59,151839,0,GPS1_Frame,42.33705116666667,71.086391,113.5,671878.7006938874,4689307.865048731,42,T
1695860580.9806063,60,151840,0,GPS1_Frame,42.33705283333334,71.08639316666667,113.0,671878.8746523827,4689308.054498931,42,T
1695860588.9899926,61,151841,0,GPS1_Frame,42.33705333333334,71.08639183333334,112.8,671878.7634443934,4689308.107324971,42,T
1695860596.9994042,62,151842,0,GPS1_Frame,42.33705533333333,71.08639199999999,111.9,671878.7717261114,4689308.329746583,42,T
1695860605.0067477,63,151843,0,GPS1_Frame,42.33705833333333,71.08639733333332,110.6,671879.2029355326,4689308.673654232,42,T
1695860613.014942,64,151844,0,GPS1_Frame,42.33705883333334,71.08639366666667,109.9,671878.8994975253,4689308.721763765,42,T
1695860621.0248213,65,151845,0,GPS1_Frame,42.33705883333334,71.08639066666666,109.4,671878.652344631,4689308.715699702,42,T
1695860629.0362444,66,151846,0,GPS1_Frame,42.33705866666666,71.08638983333334,109.3,671878.5841451344,4689308.695508179,42,T
1695860637.0477245,67,151847,0,GPS1_Frame,42.33705883333334,71.08638733333333,109.2,671878.3777303093,4689308.708961861,42,T
1695860645.058896,68,151848,0,GPS1_Frame,42.33705750000001,71.08638566666667,108.7,671878.2440558036,4689308.557536467,42,T
1695860653.0702124,69,151849,0,GPS1_Frame,42.33705633333334,71.0863815,108.6,671877.903966458,4689308.419564769,42,T
1695860661.0796778,70,151850,0,GPS1_Frame,42.33705683333333,71.08637983333332,108.3,671877.7652970499,4689308.471717042,42,T
1695860669.0906801,71,151851,0,GPS1_Frame,42.33705616666666,71.08637916666666,107.4,671877.7121905044,4689308.39634124,42,T
1695860677.0987093,72,151852,0,GPS1_Frame,42.33705666666666,71.08637583333334,107.4,671877.4362139299,4689308.445124619,42,T
1695860685.1081436,73,151853,0,GPS1_Frame,42.3370585,71.08637783333333,106.9,671877.5959876479,4689308.652744956,42,T
1695860693.1200488,74,151854,0,GPS1_Frame,42.33706433333334,71.08638216666667,106.4,671877.9370934295,4689309.309251209,42,T
1695860701.1320746,75,151855,0,GPS1_Frame,42.33706383333333,71.0863835,106.1,671878.0483013914,4689309.256425156,42,T
1695860709.1407862,76,151856,0,GPS1_Frame,42.33706433333334,71.08638616666667,105.7,671878.2666305881,4689309.3173365975,42,T
1695860717.1528184,77,151857,0,GPS1_Frame,42.33706266666666,71.08637866666666,105.7,671877.6532892173,4689309.117105906,42,T
1695860725.1645474,78,151858,0,GPS1_Frame,42.33706283333333,71.08637383333333,105.9,671877.2546443935,4689309.125843157,42,T
1695860733.1741107,79,151859,0,GPS1_Frame,42.3370645,71.08637,106.1,671876.9342971588,4689309.303165305,42,T
1695860741.1855674,80,151900,0,GPS1_Frame,42.33706566666667,71.08637166666668,106.4,671877.0684257569,4689309.436083616,42,T
1695860749.19757,81,151901,0,GPS1_Frame,42.33706600000001,71.08637483333334,106.9,671877.3284011751,4689309.479498635,42,T
1695860757.2086177,82,151902,0,GPS1_Frame,42.337064833333336,71.0863665,107.2,671876.6450439875,4689309.333104764,42,T
1695860765.2170088,83,151903,0,GPS1_Frame,42.3370655,71.08636616666666,107.4,671876.6157662475,4689309.406459227,42,T
1695860773.226892,84,151904,0,GPS1_Frame,42.33706633333333,71.08636499999999,107.5,671876.517380855,4689309.49663631,42,T
1695860781.2373695,85,151905,0,GPS1_Frame,42.337068833333326,71.086368,107.5,671876.7577225474,4689309.780306197,42,T
1695860789.2446659,86,151906,0,GPS1_Frame,42.337069166666666,71.08636433333332,107.7,671876.4547386832,4689309.809908775,42,T
1695860797.2554152,87,151907,0,GPS1_Frame,42.337070499999996,71.08636633333334,107.9,671876.6158746304,4689309.962007912,42,T
1695860805.2667274,88,151908,0,GPS1_Frame,42.33707166666667,71.0863645,108.0,671876.4616582377,4689310.087851562,42,T
1695860813.27446,89,151909,0,GPS1_Frame,42.337073833333335,71.08636583333333,107.8,671876.5656009339,4689310.331138446,42,T
1695860821.285141,90,151910,0,GPS1_Frame,42.3370775,71.08636783333333,107.5,671876.7203797691,4689310.742336425,42,T
1695860829.2962742,91,151911,0,GPS1_Frame,42.337080666666665,71.08636216666667,107.8,671876.244908095,4689311.082516367,42,T
1695860837.307093,92,151912,0,GPS1_Frame,42.33708266666666,71.08636116666666,107.7,671876.1570749049,4689311.3025797615,42,T
1695860845.319755,93,151913,0,GPS1_Frame,42.337085166666675,71.08636216666667,107.4,671876.2326480155,4689311.582206986,42,T
1695860853.3303177,94,151914,0,GPS1_Frame,42.337086500000005,71.0863645,107.3,671876.4212453411,4689311.734979896,42,T
1695860861.3412108,95,151915,0,GPS1_Frame,42.33708933333334,71.08636700000001,106.7,671876.619486667,4689312.054653239,42,T
1695860869.350335,96,151916,0,GPS1_Frame,42.33709233333334,71.08636733333333,105.9,671876.6387746755,4689312.3884540945,42,T
1695860877.362376,97,151917,0,GPS1_Frame,42.33709583333333,71.0863635,105.7,671876.3134327468,4689312.769353925,42,T
1695860885.3742967,98,151918,0,GPS1_Frame,42.33710116666666,71.08636233333333,105.7,671876.202787318,4689313.35922163,42,T
1695860893.3850546,99,151919,0,GPS1_Frame,42.33710416666666,71.08636616666666,105.0,671876.5104201741,4689313.700097134,42,T
1695860901.3969936,100,151920,0,GPS1_Frame,42.3371075,71.08635966666667,104.6,671875.9658410947,4689314.057099711,42,T
1695860909.4052196,101,151921,0,GPS1_Frame,42.33711100000001,71.08635016666668,104.3,671875.1736553134,4689314.42654544,42,T
1695860917.4170156,102,151922,0,GPS1_Frame,42.337115,71.08634699999999,104.1,671874.9018741465,4689314.864314054,42,T
1695860925.4291623,103,151923,0,GPS1_Frame,42.33711766666667,71.08634866666667,103.4,671875.031915997,4689315.163795869,42,T
1695860933.4402297,104,151924,0,GPS1_Frame,42.33712233333334,71.086345,102.8,671874.7171264612,4689315.674582074,42,T
1695860941.4504912,105,151925,0,GPS1_Frame,42.337123500000004,71.08634383333333,102.5,671874.6178330313,4689315.8017733,42,T
1695860949.4609635,106,151926,0,GPS1_Frame,42.337123999999996,71.08634266666667,102.2,671874.5203558976,4689315.854936288,42,T
1695860957.4716232,107,151927,0,GPS1_Frame,42.337125,71.086342,101.8,671874.4627086532,4689315.964631109,42,T
1695860965.4819949,108,151928,0,GPS1_Frame,42.33712666666667,71.08634350000001,101.5,671874.581744237,4689316.152733672,42,T
1695860973.4951363,109,151929,0,GPS1_Frame,42.33712950000001,71.08634633333332,100.9,671874.8074468998,4689316.4730807375,42,T
1695860981.5064363,110,151930,0,GPS1_Frame,42.33713383333334,71.08635,100.7,671875.0977163715,4689316.96167578,42,T
1695860989.5188909,111,151931,0,GPS1_Frame,42.33714433333333,71.08634866666667,99.5,671874.9592640777,4689318.124925478,42,T
1695860997.5289698,112,151932,0,GPS1_Frame,42.33715300000001,71.0863545,97.5,671875.416226541,4689319.099083616,42,T
1695861005.5403483,113,151933,0,GPS1_Frame,42.33716916666667,71.08635733333334,95.8,671875.6056029334,4689320.899995524,42,T
1695861013.552242,114,151934,0,GPS1_Frame,42.337179666666664,71.08635333333334,94.6,671875.2474595424,4689322.057855035,42,T
1695861021.564553,115,151935,0,GPS1_Frame,42.3371875,71.08635766666666,92.8,671875.5831158592,4689322.93644592,42,T
1695861029.574727,116,151936,0,GPS1_Frame,42.337195,71.08635550000001,92.0,671875.3841834744,4689323.764884103,42,T
1695861037.5831249,117,151937,0,GPS1_Frame,42.33720383333333,71.08635283333334,91.1,671875.140426461,4689324.74036811,42,T
1695861045.5945992,118,151938,0,GPS1_Frame,42.33721033333333,71.08634916666666,90.1,671874.8206424654,4689325.454731969,42,T
1695861053.6059232,119,151939,0,GPS1_Frame,42.337217499999994,71.0863485,88.8,671874.7461945009,4689326.24918802,42,T
1695861061.61789,120,151940,0,GPS1_Frame,42.33722733333334,71.08634683333334,87.8,671874.582097265,4689327.337735726,42,T
1695861069.6297092,121,151941,0,GPS1_Frame,42.33723716666667,71.08634516666666,86.9,671874.4180000669,4689328.426283432,42,T
1695861077.6401255,122,151942,0,GPS1_Frame,42.33724166666666,71.08634333333333,86.7,671874.2547026123,4689328.922268327,42,T
1695861085.6521401,123,151943,0,GPS1_Frame,42.3372455,71.0863405,86.6,671874.0108374186,4689329.342203679,42,T
1695861093.6636863,124,151944,0,GPS1_Frame,42.337247833333336,71.0863375,86.6,671873.7573282381,4689329.59523861,42,T
1695861101.6768978,125,151945,0,GPS1_Frame,42.33725016666667,71.08633483333332,86.7,671873.5312804242,4689329.848947318,42,T
1695861109.6871197,126,151946,0,GPS1_Frame,42.33725200000001,71.08633283333333,86.8,671873.361517537,4689330.048482383,42,T
1695861117.6959271,127,151947,0,GPS1_Frame,42.33725283333333,71.08632899999999,87.1,671873.0434416761,4689330.13326938,42,T
1695861125.706746,128,151948,0,GPS1_Frame,42.337254,71.08632683333333,87.3,671872.8617644219,4689330.258439333,42,T
1695861133.716389,129,151949,0,GPS1_Frame,42.33725433333334,71.08632283333333,87.5,671872.5313201162,4689330.28736829,42,T
1695861141.7281296,130,151950,0,GPS1_Frame,42.337255166666665,71.08632033333333,87.6,671872.3230896664,4689330.374850371,42,T
1695861149.74035,131,151951,0,GPS1_Frame,42.337255000000006,71.08631799999999,87.9,671872.1313143064,4689330.351626979,42,T
1695861157.752431,132,151952,0,GPS1_Frame,42.33725433333334,71.0863145,88.3,671871.8447864379,4689330.2705242485,42,T
1695861165.7639031,133,151953,0,GPS1_Frame,42.337254,71.08631199999999,88.5,671871.6397344704,4689330.228456928,42,T
1695861173.7759566,134,151954,0,GPS1_Frame,42.33725266666667,71.0863085,88.8,671871.3550228615,4689330.073325977,42,T
1695861181.7866042,135,151955,0,GPS1_Frame,42.33725233333333,71.08630566666668,89.1,671871.1225095388,4689330.030584912,42,T
1695861189.797607,136,151956,0,GPS1_Frame,42.33725133333334,71.08630216666667,89.5,671870.8368897762,4689329.912468105,42,T
1695861197.8091354,137,151957,0,GPS1_Frame,42.337249166666666,71.08629633333334,90.2,671870.3622190161,4689329.660085602,42,T
1695861205.8207676,138,151958,0,GPS1_Frame,42.33724883333333,71.086294,90.4,671870.1708976963,4689329.618355201,42,T
1695861213.829972,139,151959,0,GPS1_Frame,42.337247833333336,71.0862895,90.9,671869.8028938568,4689329.498217176,42,T
1695861221.8410897,140,152000,0,GPS1_Frame,42.337248,71.086286,91.2,671869.5140956194,4689329.509649843,42,T
1695861229.851569,141,152001,0,GPS1_Frame,42.33724666666667,71.086281,91.8,671869.1058078597,4689329.351487108,42,T
1695861237.8622906,142,152002,0,GPS1_Frame,42.33724583333333,71.086276,92.3,671868.6961579036,4689329.248845574,42,T
1695861245.8737948,143,152003,0,GPS1_Frame,42.337246500000006,71.08627483333333,92.6,671868.5982269385,4689329.320515701,42,T
1695861253.8852077,144,152004,0,GPS1_Frame,42.3372455,71.08627016666667,93.1,671868.2164923833,4689329.200040884,42,T
1695861261.8977509,145,152005,0,GPS1_Frame,42.33724350000001,71.08626366666667,93.8,671867.686444727,4689328.964818137,42,T
1695861269.9099648,146,152006,0,GPS1_Frame,42.3372415,71.08625716666667,94.6,671867.1563970346,4689328.7295954265,42,T
1695861277.9220643,147,152007,0,GPS1_Frame,42.33724083333333,71.08625483333334,95.0,671866.9659837869,4689328.650850996,42,T
1695861285.9339364,148,152008,0,GPS1_Frame,42.33723816666667,71.08625,95.7,671866.5750590343,4689328.3449688,42,T
1695861293.943919,149,152009,0,GPS1_Frame,42.33723616666666,71.08624733333333,96.1,671866.3608168431,4689328.117494165,42,T
1695861301.954479,150,152010,0,GPS1_Frame,42.33723433333333,71.08624416666666,96.8,671866.1049285504,4689327.907515991,42,T
1695861309.9652393,151,152011,0,GPS1_Frame,42.33723433333333,71.08624116666667,97.1,671865.8577763487,4689327.901452357,42,T
1695861317.9765217,152,152012,0,GPS1_Frame,42.33723450000001,71.08624266666668,97.0,671865.9808983983,4689327.922991235,42,T
1695861325.9875288,153,152013,0,GPS1_Frame,42.337233,71.08624133333333,97.3,671865.8751394444,4689327.753732745,42,T
1695861333.9994605,154,152014,0,GPS1_Frame,42.33722983333334,71.0862375,97.8,671865.5679608204,4689327.394350636,42,T
1695861342.007958,155,152015,0,GPS1_Frame,42.33722933333333,71.08623733333334,97.9,671865.5555922951,4689327.338492589,42,T
1695861350.016631,156,152016,0,GPS1_Frame,42.33722816666667,71.08623616666667,97.9,671865.4626558966,4689327.206585094,42,T
1695861358.0245645,157,152017,0,GPS1_Frame,42.337227,71.086233,97.9,671865.204951345,4689327.070635196,42,T
1695861366.033829,158,152018,0,GPS1_Frame,42.337221666666665,71.0862295,98.0,671864.9311366564,4689326.471335068,42,T
1695861374.0456288,159,152019,0,GPS1_Frame,42.33721933333333,71.08622766666667,98.1,671864.7864558562,4689326.208530697,42,T
1695861382.057382,160,152020,0,GPS1_Frame,42.33721516666666,71.086227,98.3,671864.7428843474,4689325.744506729,42,T
1695861390.0650027,161,152021,0,GPS1_Frame,42.33721033333333,71.08622383333334,99.0,671864.4951687837,4689325.201401536,42,T
1695861398.0753422,162,152022,0,GPS1_Frame,42.337208,71.08622533333333,98.8,671864.6251016068,4689324.945334485,42,T
1695861406.0836813,163,152023,0,GPS1_Frame,42.337209,71.08622516666667,98.8,671864.6086466339,4689325.056039981,42,T
1695861414.0944502,164,152024,0,GPS1_Frame,42.337212,71.08622733333333,98.3,671864.7789726378,4689325.39354632,42,T
1695861422.1062708,165,152025,0,GPS1_Frame,42.33721366666667,71.086229,98.2,671864.9117389744,4689325.581985583,42,T
1695861430.1167667,166,152026,0,GPS1_Frame,42.33721633333333,71.08623366666667,97.5,671865.2889332765,4689325.887530811,42,T
1695861438.1278522,167,152027,0,GPS1_Frame,42.33721683333333,71.08623533333333,97.3,671865.4248779435,4689325.946420663,42,T
1695861446.1397145,168,152028,0,GPS1_Frame,42.33721766666666,71.08623733333334,96.8,671865.5873758687,4689326.042998374,42,T
1695861454.1482108,169,152029,0,GPS1_Frame,42.337218833333324,71.08623733333334,96.5,671865.5841975117,4689326.172547796,42,T
1695861462.1603801,170,152030,0,GPS1_Frame,42.337221666666665,71.08624133333333,96.0,671865.9060149774,4689326.495252649,42,T
1695861470.1717772,171,152031,0,GPS1_Frame,42.33722266666667,71.08624366666666,95.7,671866.095520189,4689326.61101117,42,T
1695861478.1811924,172,152032,0,GPS1_Frame,42.337222833333335,71.08624283333333,95.6,671866.0264127364,4689326.627833886,42,T
1695861486.1932516,173,152033,0,GPS1_Frame,42.337224,71.08624383333334,95.2,671866.1056184514,4689326.7594045205,42,T
1695861494.2029912,174,152034,0,GPS1_Frame,42.337221500000005,71.08624116666667,95.7,671865.8927383468,4689326.476408723,42,T
1695861502.2117503,175,152035,0,GPS1_Frame,42.337219999999995,71.08623983333334,96.2,671865.7869793684,4689326.3071502345,42,T
1695861510.224722,176,152036,0,GPS1_Frame,42.337218666666665,71.0862405,96.4,671865.8455345046,4689326.160441225,42,T
1695861518.2357595,177,152037,0,GPS1_Frame,42.337216500000004,71.08624016666666,96.8,671865.8239758138,4689325.919175707,42,T
1695861526.2460935,178,152038,0,GPS1_Frame,42.337214833333334,71.0862425,97.0,671866.0207458788,4689325.738821261,42,T
1695861534.2563133,179,152039,0,GPS1_Frame,42.337212666666666,71.0862435,97.4,671866.1090326495,4689325.500250689,42,T
1695861542.264026,180,152040,0,GPS1_Frame,42.33721083333333,71.08624516666667,97.6,671866.2513340553,4689325.300041717,42,T
1695861550.2729616,181,152041,0,GPS1_Frame,42.33720783333333,71.0862435,98.0,671866.1222001655,4689324.963545945,42,T
1695861558.2835128,182,152042,0,GPS1_Frame,42.337206,71.08624366666666,98.2,671866.1409254239,4689324.760305152,42,T
1695861566.2934637,183,152043,0,GPS1_Frame,42.337204166666666,71.08624400000001,98.5,671866.1733813713,4689324.55740123,42,T
1695861574.302577,184,152044,0,GPS1_Frame,42.33720433333333,71.08624716666667,98.6,671866.4338103204,4689324.582308798,42,T
1695861582.311457,185,152045,0,GPS1_Frame,42.337204166666666,71.08625216666665,98.1,671866.846184905,4689324.573907828,42,T
1695861590.3207822,186,152046,0,GPS1_Frame,42.33720233333334,71.0862575,97.6,671867.2905614128,4689324.38111002,42,T
1695861598.3316698,187,152047,0,GPS1_Frame,42.33720083333333,71.08626266666667,96.8,671867.7202991506,4689324.224989487,42,T
1695861606.3434484,188,152048,0,GPS1_Frame,42.33720016666666,71.08626683333334,96.1,671868.0653825072,4689324.159383046,42,T
1695861614.3529482,189,152049,0,GPS1_Frame,42.33720016666666,71.08627316666666,95.1,671868.5871485494,4689324.172184217,42,T
1695861622.3630526,190,152050,0,GPS1_Frame,42.337198333333326,71.08627616666666,94.2,671868.8392955358,4689323.974670282,42,T
1695861630.3688288,191,152051,0,GPS1_Frame,42.33719716666666,71.08627933333334,93.4,671869.1033569846,4689323.851521469,42,T
1695861638.373384,192,152052,0,GPS1_Frame,42.33719583333333,71.08628283333334,92.4,671869.3953338754,4689323.710539358,42,T
1695861646.3806055,193,152053,0,GPS1_Frame,42.33719583333333,71.08628683333333,91.6,671869.7248703445,4689323.718624365,42,T
1695861654.3888326,194,152054,0,GPS1_Frame,42.33719483333333,71.0862895,90.8,671869.9472856991,4689323.6129720155,42,T
1695861662.400592,195,152055,0,GPS1_Frame,42.33719333333333,71.08629216666667,90.1,671870.1710632467,4689323.451798496,42,T
1695861670.412445,196,152056,0,GPS1_Frame,42.337192,71.0862955,89.3,671870.4493094885,4689323.310479549,42,T
1695861678.4243555,197,152057,0,GPS1_Frame,42.3371915,71.086298,88.5,671870.6566319866,4689323.260011527,42,T
1695861686.436116,198,152058,0,GPS1_Frame,42.33719083333334,71.08630033333334,87.8,671870.8506778674,4689323.190699573,42,T
1695861694.4459038,199,152059,0,GPS1_Frame,42.3371905,71.08630266666667,87.0,671871.0438156183,4689323.1584017435,42,T
1695861702.4571698,200,152100,0,GPS1_Frame,42.33718966666667,71.08630516666668,86.3,671871.2520462591,4689323.070919618,42,T
1695861710.469577,201,152101,0,GPS1_Frame,42.33718916666667,71.08630799999999,85.5,671871.486830144,4689323.021125376,42,T
1695861718.4810324,202,152102,0,GPS1_Frame,42.33718866666666,71.08631066666666,84.9,671871.7078833493,4689322.970994264,42,T
1695861726.489626,203,152103,0,GPS1_Frame,42.33718783333334,71.08631233333334,84.3,671871.8474605642,4689322.88182776,42,T
1695861734.5006225,204,152104,0,GPS1_Frame,42.337188166666664,71.086317,83.3,671872.2310116903,4689322.928274522,42,T
1695861742.5126057,205,152105,0,GPS1_Frame,42.3371885,71.0863205,82.5,671872.5184480016,4689322.9723631395,42,T
1695861750.5247254,206,152106,0,GPS1_Frame,42.33718783333334,71.08632333333334,81.8,671872.7536859725,4689322.904061881,42,T
1695861758.53674,207,152107,0,GPS1_Frame,42.33718766666666,71.0863265,81.1,671873.0150231137,4689322.891955573,42,T
1695861766.5482545,208,152108,0,GPS1_Frame,42.33718833333334,71.08632883333333,80.4,671873.2054364638,4689322.970700165,42,T
1695861774.5595357,209,152109,0,GPS1_Frame,42.33718950000001,71.0863315,79.8,671873.4219489732,4689323.105639708,42,T
1695861782.571839,210,152110,0,GPS1_Frame,42.33719133333334,71.08633466666667,79.2,671873.6778372478,4689323.31561815,42,T
1695861790.5810165,211,152111,0,GPS1_Frame,42.337192,71.086337,78.6,671873.8682505798,4689323.39436276,42,T
1695861798.5885541,212,152112,0,GPS1_Frame,42.33719533333333,71.08634099999999,78.0,671874.1887056003,4689323.77258918,42,T
1695861806.5986762,213,152113,0,GPS1_Frame,42.33719666666666,71.08634266666667,77.2,671874.3223798756,4689323.924014507,42,T
1695861814.6074553,214,152114,0,GPS1_Frame,42.337199666666656,71.0863465,76.1,671874.6300123148,4689324.264889945,42,T
1695861822.6189885,215,152115,0,GPS1_Frame,42.337202,71.08634666666667,75.3,671874.6373859544,4689324.5243256735,42,T
1695861830.628893,216,152116,0,GPS1_Frame,42.33720466666667,71.08634833333333,74.3,671874.7674276022,4689324.823807494,42,T
1695861838.6405854,217,152117,0,GPS1_Frame,42.33720766666667,71.0863525,73.4,671875.1025213448,4689325.165356726,42,T
1695861846.6515322,218,152118,0,GPS1_Frame,42.337210500000005,71.08635316666667,72.5,671875.1497247858,4689325.4813242955,42,T
1695861854.663736,219,152119,0,GPS1_Frame,42.33721233333334,71.08635366666667,71.7,671875.1859219951,4689325.685912618,42,T
1695861862.6738863,220,152120,0,GPS1_Frame,42.337216000000005,71.086358,70.7,671875.5329300466,4689326.101827002,42,T
1695861870.686424,221,152121,0,GPS1_Frame,42.337219166666664,71.08636166666666,69.9,671875.8263775627,4689326.46087267,42,T
1695861878.6972477,222,152122,0,GPS1_Frame,42.337223166666675,71.08636683333334,68.9,671876.2411307802,4689326.915485653,42,T
1695861886.710043,223,152123,0,GPS1_Frame,42.337227,71.08637,67.9,671876.4915698684,4689327.347548928,42,T
1695861894.7209716,224,152124,0,GPS1_Frame,42.3372295,71.086371,67.1,671876.5671427406,4689327.627176167,42,T
1695861902.7292006,225,152125,0,GPS1_Frame,42.33723133333333,71.08637166666668,66.3,671876.6170705754,4689327.832101388,42,T
1695861910.7405565,226,152126,0,GPS1_Frame,42.33723383333333,71.08637433333334,65.6,671876.8299502175,4689328.115097527,42,T
1695861918.751677,227,152127,0,GPS1_Frame,42.3372365,71.0863775,64.9,671877.0835677919,4689328.417611405,42,T
1695861926.7623105,228,152128,0,GPS1_Frame,42.33724016666667,71.086383,64.0,671877.5266903227,4689328.835884129,42,T
1695861934.7740953,229,152129,0,GPS1_Frame,42.337241999999996,71.086385,63.2,671877.6864635262,4689329.04350449,42,T
1695861942.7841806,230,152130,0,GPS1_Frame,42.33724399999999,71.08638649999999,62.4,671877.8045906074,4689329.268621239,42,T
1695861950.793222,231,152131,0,GPS1_Frame,42.33724566666667,71.086387,61.7,671877.8412417977,4689329.45470252,42,T
1695861958.8036635,232,152132,0,GPS1_Frame,42.337247,71.08638616666667,61.0,671877.7689557503,4689329.601074545,42,T
1695861966.8159597,233,152133,0,GPS1_Frame,42.33724866666667,71.086389,60.3,671877.9978363866,4689329.791872311,42,T
1695861974.8264694,234,152134,0,GPS1_Frame,42.33725200000001,71.086395,60.2,671878.4830589652,4689330.174141658,42,T
1695861982.8371053,235,152135,0,GPS1_Frame,42.337253833333335,71.08639766666667,59.4,671878.6977548038,4689330.383109616,42,T
1695861990.846096,236,152136,0,GPS1_Frame,42.33725716666666,71.08640316666667,58.0,671879.1417852875,4689330.764368327,42,T
1695861998.857037,237,152137,0,GPS1_Frame,42.33726183333333,71.086405,55.7,671879.2801082281,4689331.286271863,42,T
1695862006.8677993,238,152138,0,GPS1_Frame,42.337266,71.08640816666666,54.4,671879.5296387805,4689331.755349382,42,T
1695862014.8804436,239,152139,0,GPS1_Frame,42.33726933333334,71.08640933333332,53.6,671879.6166716977,4689332.12784886,42,T
1695862022.8914354,240,152140,0,GPS1_Frame,42.337272500000005,71.08641183333334,52.8,671879.8140040544,4689332.484536445,42,T
1695862030.901631,241,152141,0,GPS1_Frame,42.33727366666667,71.08641349999999,52.7,671879.9481321209,4689332.617454829,42,T
1695862038.9128432,242,152142,0,GPS1_Frame,42.33727633333333,71.08641616666667,52.1,671880.1605573833,4689332.918958139,42,T
1695862046.9245453,243,152143,0,GPS1_Frame,42.337277166666674,71.08641766666666,51.6,671880.2818629502,4689333.014525513,42,T
1695862054.936143,244,152144,0,GPS1_Frame,42.33727699999999,71.08641933333334,51.2,671880.419623729,4689332.999387421,42,T
1695862062.9454107,245,152145,0,GPS1_Frame,42.337278,71.08641916666667,50.7,671880.4031685116,4689333.110092888,42,T
1695862070.9573746,246,152146,0,GPS1_Frame,42.337279,71.08641783333334,50.4,671880.290598619,4689333.218440075,42,T
1695862078.9680681,247,152147,0,GPS1_Frame,42.3372805,71.0864165,50.0,671880.1766664562,4689333.382308445,42,T
1695862086.977376,248,152148,0,GPS1_Frame,42.33728183333333,71.08641783333334,49.5,671880.2828790743,4689333.533060105,42,T
1695862094.987806,249,152149,0,GPS1_Frame,42.33728366666666,71.08641949999999,48.8,671880.4151907457,4689333.740006741,42,T
1695862102.9996512,250,152150,0,GPS1_Frame,42.33728599999999,71.086421,48.2,671880.5324094677,4689334.002137664,42,T
1695862111.0119243,251,152151,0,GPS1_Frame,42.3372875,71.08642233333333,47.6,671880.6381679762,4689334.1713963915,42,T
1695862119.0228128,252,152152,0,GPS1_Frame,42.33729033333334,71.08642499999999,47.0,671880.8501390651,4689334.491406786,42,T
1695862127.0343745,253,152153,0,GPS1_Frame,42.3372935,71.08642733333333,46.5,671881.0337406181,4689334.847757512,42,T
1695862135.0448108,254,152154,0,GPS1_Frame,42.33729466666667,71.086428,46.0,671881.0854846248,4689334.978654531,42,T
1695862143.0549672,255,152155,0,GPS1_Frame,42.33729666666667,71.08642933333334,45.5,671881.1898808231,4689335.203434447,42,T
1695862151.0657418,256,152156,0,GPS1_Frame,42.33729700000001,71.08643099999999,45.3,671881.3262792764,4689335.243817557,42,T
1695862159.0767922,257,152157,0,GPS1_Frame,42.3372995,71.08643366666666,45.0,671881.53915849,4689335.526813854,42,T
1695862167.085096,258,152158,0,GPS1_Frame,42.33729916666666,71.08643283333335,44.7,671881.4714133611,4689335.488115236,42,T
1695862175.0958261,259,152159,0,GPS1_Frame,42.33729933333334,71.08643333333333,44.4,671881.5121512574,4689335.507632996,42,T
1695862183.1057897,260,152200,0,GPS1_Frame,42.33729933333334,71.08643466666668,44.4,671881.6219965677,4689335.510328192,42,T
1695862191.1176395,261,152201,0,GPS1_Frame,42.33729966666667,71.08643550000001,44.3,671881.6897416976,4689335.54902681,42,T
1695862199.1280599,262,152202,0,GPS1_Frame,42.337302,71.08643733333334,43.7,671881.8344216635,4689335.811831558,42,T
1695862207.1399672,263,152203,0,GPS1_Frame,42.33730516666666,71.08643966666666,43.2,671882.0180231282,4689336.168182313,42,T
1695862215.1511638,264,152204,0,GPS1_Frame,42.33730716666667,71.0864415,42.8,671882.1636112621,4689336.393972948,42,T
1695862223.1613958,265,152205,0,GPS1_Frame,42.337308666666665,71.08644283333334,42.5,671882.2693696897,4689336.563231701,42,T
1695862231.1734898,266,152206,0,GPS1_Frame,42.33730966666667,71.08644333333334,42.0,671882.3078370962,4689336.675284768,42,T
1695862239.1841486,267,152207,0,GPS1_Frame,42.337311500000006,71.0864445,41.6,671882.3989566587,4689336.881220744,42,T
1695862247.1936004,268,152208,0,GPS1_Frame,42.33731233333333,71.086444,41.3,671882.3554941919,4689336.972745342,42,T
1695862255.2036662,269,152209,0,GPS1_Frame,42.337313166666675,71.086444,41.1,671882.3532237075,4689337.065280647,42,T
1695862263.2123365,270,152210,0,GPS1_Frame,42.337311500000006,71.08644716666666,41.9,671882.6186472371,4689336.886611167,42,T
1695862271.2237318,271,152211,0,GPS1_Frame,42.33730966666667,71.08645033333333,42.6,671882.8845248806,4689336.689434635,42,T
1695862279.2359283,272,152212,0,GPS1_Frame,42.337306166666664,71.08645299999999,43.6,671883.1137515396,4689336.306176799,42,T
1695862287.2466774,273,152213,0,GPS1_Frame,42.337302666666666,71.08645366666666,44.3,671883.1782102666,4689335.918876136,42,T
1695862295.2577453,274,152214,0,GPS1_Frame,42.3372995,71.08645433333332,45.1,671883.241760799,4689335.568589595,42,T
1695862303.2695603,275,152215,0,GPS1_Frame,42.33729633333334,71.0864545,45.9,671883.2641193459,4689335.217292346,42,T
1695862311.2794368,276,152216,0,GPS1_Frame,42.337295833333336,71.08645383333334,45.4,671883.2105589836,4689335.160423553,42,T
1695862319.288699,277,152217,0,GPS1_Frame,42.337292833333336,71.08645166666666,45.2,671883.040234114,4689334.822916728,42,T
1695862327.2983894,278,152218,0,GPS1_Frame,42.337288333333326,71.08644883333334,44.9,671882.8190734441,4689334.317498755,42,T
1695862335.3088148,279,152219,0,GPS1_Frame,42.33728516666667,71.08644833333332,44.5,671882.786509298,4689333.964853899,42,T
1695862343.319468,280,152220,0,GPS1_Frame,42.33728216666667,71.08644699999999,44.3,671882.6848377136,4689333.629031593,42,T
1695862351.328622,281,152221,0,GPS1_Frame,42.33727966666667,71.086446,44.0,671882.6092651652,4689333.349404275,42,T
1695862359.3398807,282,152222,0,GPS1_Frame,42.33727583333333,71.08644533333333,44.4,671882.5647867192,4689332.922394277,42,T
1695862367.350674,283,152223,0,GPS1_Frame,42.337275,71.08644699999999,44.6,671882.7043638937,4689332.833227988,42,T
1695862375.3615942,284,152224,0,GPS1_Frame,42.337275,71.08644916666667,44.8,671882.8828625928,4689332.837607712,42,T
1695862383.3739588,285,152225,0,GPS1_Frame,42.33727483333334,71.08645133333333,45.1,671883.06181539,4689332.823480379,42,T
1695862391.3852675,286,152226,0,GPS1_Frame,42.337277166666674,71.08645516666667,45.1,671883.371263397,4689333.0903279865,42,T
1695862399.396269,287,152227,0,GPS1_Frame,42.3372775,71.08645666666666,45.1,671883.4939312139,4689333.130374235,42,T
1695862407.4077964,288,152228,0,GPS1_Frame,42.33727583333333,71.08645333333334,44.5,671883.2238588294,4689332.938565571,42,T
1695862415.4192753,289,152229,0,GPS1_Frame,42.33727699999999,71.08645183333333,43.9,671883.0971041196,4689333.065082871,42,T
1695862423.4288752,290,152230,0,GPS1_Frame,42.33727783333334,71.08645383333334,43.1,671883.2596016511,4689333.1616610065,42,T
1695862431.4402826,291,152231,0,GPS1_Frame,42.3372835,71.08645716666666,42.2,671883.5187756408,4689333.797639125,42,T
1695862439.4510453,292,152232,0,GPS1_Frame,42.33728250000001,71.08645366666666,42.2,671883.2331562198,4689333.6795218,42,T
1695862447.461641,293,152233,0,GPS1_Frame,42.33727583333333,71.08644683333334,43.1,671882.6883627392,4689332.925426389,42,T
1695862455.4709134,294,152234,0,GPS1_Frame,42.33727066666667,71.08644116666666,43.5,671882.2355969694,4689332.340252874,42,T
1695862463.4804235,295,152235,0,GPS1_Frame,42.33726983333333,71.086438,43.2,671881.9769847133,4689332.241316464,42,T
1695862471.490293,296,152236,0,GPS1_Frame,42.337271166666675,71.0864365,42.5,671881.8497759227,4689332.386340849,42,T
1695862479.502354,297,152237,0,GPS1_Frame,42.337272166666665,71.08643633333332,41.9,671881.833320682,4689332.497046313,42,T
1695862487.512679,298,152238,0,GPS1_Frame,42.33727583333333,71.086438,40.9,671881.9606372861,4689332.907570644,42,T
1695862495.5240684,299,152239,0,GPS1_Frame,42.337278166666664,71.0864385,40.1,671881.9954719592,4689333.167680192,42,T
1695862503.5341463,300,152240,0,GPS1_Frame,42.33727783333334,71.08643833333333,39.9,671881.9826494796,4689333.130329171,42,T
1695862511.5441744,301,152241,0,GPS1_Frame,42.33727966666667,71.086439,39.4,671882.0325771044,4689333.335254439,42,T
1695862519.5569558,302,152242,0,GPS1_Frame,42.337279,71.08644233333332,40.4,671882.3090068497,4689333.2679642085,42,T
1695862527.5689895,303,152243,0,GPS1_Frame,42.33728250000001,71.08644433333333,39.6,671882.4642388397,4689333.660655293,42,T
1695862535.5814474,304,152244,0,GPS1_Frame,42.33728366666666,71.08644533333333,39.1,671882.5434441669,4689333.792226124,42,T
1695862543.5932977,305,152245,0,GPS1_Frame,42.33728333333333,71.086446,38.9,671882.5992750308,4689333.756559608,42,T
1695862551.603766,306,152246,0,GPS1_Frame,42.3372805,71.08644333333334,39.5,671882.3873039938,4689333.436549159,42,T
1695862559.6133502,307,152247,0,GPS1_Frame,42.33727566666666,71.08643783333333,40.2,671881.9473607126,4689332.888726684,42,T
1695862567.6252596,308,152248,0,GPS1_Frame,42.337269666666664,71.08643266666667,41.1,671881.5380573584,4689332.212028613,42,T
1695862575.6371062,309,152249,0,GPS1_Frame,42.337267000000004,71.086428,41.8,671881.1608640782,4689331.906482476,42,T
1695862583.6478221,310,152250,0,GPS1_Frame,42.337266,71.08642466666667,42.0,671880.8889752162,4689331.788702148,42,T
1695862591.657251,311,152251,0,GPS1_Frame,42.337263833333324,71.08642216666667,42.4,671880.6889183423,4689331.543056894,42,T
1695862599.6693316,312,152252,0,GPS1_Frame,42.337261000000005,71.08641983333334,42.7,671880.5044084901,4689331.223720304,42,T
1695862607.6813424,313,152253,0,GPS1_Frame,42.337261500000004,71.08641916666667,42.0,671880.4481235277,4689331.277893896,42,T
1695862615.6925547,314,152254,0,GPS1_Frame,42.337262833333334,71.08641949999999,41.2,671880.4719521425,4689331.426624175,42,T
1695862623.703826,315,152255,0,GPS1_Frame,42.337261999999996,71.08641833333333,41.0,671880.3781078943,4689331.331730592,42,T
1695862631.7161963,316,152256,0,GPS1_Frame,42.337261166666664,71.08641733333334,40.8,671880.2979943175,4689331.237173907,42,T
1695862639.7262251,317,152257,0,GPS1_Frame,42.337258166666665,71.08641533333333,41.2,671880.141399874,4689330.90000406,42,T
1695862647.7342677,318,152258,0,GPS1_Frame,42.337257,71.086415,41.3,671880.1171171595,4689330.769780844,42,T
1695862655.7442353,319,152259,0,GPS1_Frame,42.337254,71.08641166666666,42.1,671879.8506773041,4689330.429915834,42,T
1695862663.7528846,320,152300,0,GPS1_Frame,42.337256333333336,71.086411,42.0,671879.7893973623,4689330.687667096,42,T
1695862671.7636926,321,152301,0,GPS1_Frame,42.337257833333325,71.08641033333333,42.2,671879.7303878695,4689330.852883057,42,T
1695862679.7716107,322,152302,0,GPS1_Frame,42.337258000000006,71.08640883333334,42.4,671879.6063577237,4689330.868358058,42,T
1695862687.7806034,323,152303,0,GPS1_Frame,42.33725533333333,71.08640733333333,42.6,671879.490047081,4689330.569213033,42,T
1695862695.7879715,324,152304,0,GPS1_Frame,42.33725266666667,71.086406,42.9,671879.3874671053,4689330.270404906,42,T
1695862703.796346,325,152305,0,GPS1_Frame,42.33724983333333,71.0864045,43.5,671879.2716105293,4689329.952752824,42,T
1695862711.8013792,326,152306,0,GPS1_Frame,42.33724966666667,71.08640583333334,43.8,671879.3819100157,4689329.936940923,42,T
1695862719.812783,327,152307,0,GPS1_Frame,42.33724883333333,71.08640433333333,44.1,671879.2606043809,4689329.841373566,42,T
1695862727.823355,328,152308,0,GPS1_Frame,42.33724966666667,71.08640650000001,44.4,671879.436832713,4689329.938288503,42,T
1695862735.833204,329,152309,0,GPS1_Frame,42.33724833333334,71.08640566666666,45.0,671879.3718120449,4689329.788547546,42,T
1695862743.840896,330,152310,0,GPS1_Frame,42.33724883333333,71.08640616666666,45.5,671879.4116418046,4689329.845079409,42,T
1695862751.8493483,331,152311,0,GPS1_Frame,42.33725033333334,71.08640666666666,45.4,671879.4487470347,4689330.0126536405,42,T
1695862759.8600976,332,152312,0,GPS1_Frame,42.33725033333334,71.08640483333333,45.3,671879.2977096166,4689330.008947797,42,T
1695862767.870692,333,152313,0,GPS1_Frame,42.337253833333335,71.08640999999999,44.7,671879.713824655,4689330.408039816,42,T
1695862775.8809044,334,152314,0,GPS1_Frame,42.337256833333335,71.0864175,44.1,671880.3235313452,4689330.756327232,42,T
1695862783.8938978,335,152315,0,GPS1_Frame,42.337258500000004,71.08642083333334,43.7,671880.5936038916,4689330.94813578,42,T
1695862791.902751,336,152316,0,GPS1_Frame,42.337263833333324,71.08642833333333,43.0,671881.196953187,4689331.5555221215,42,T
1695862799.9136736,337,152317,0,GPS1_Frame,42.337269,71.08643566666666,42.3,671881.787025801,4689332.144064562,42,T
1695862807.9210212,338,152318,0,GPS1_Frame,42.337270833333335,71.08643833333333,41.8,671882.0017214818,4689332.353032628,42,T
1695862815.9305143,339,152319,0,GPS1_Frame,42.337269166666665,71.08643716666667,41.8,671881.9101477414,4689332.1656037215,42,T
1695862823.9416986,340,152320,0,GPS1_Frame,42.33726583333334,71.08643633333332,41.8,671881.8505762846,4689331.793778012,42,T
1695862831.9512875,341,152321,0,GPS1_Frame,42.33726433333333,71.0864345,42.0,671881.7036257528,4689331.62350857,42,T
1695862839.9619482,342,152322,0,GPS1_Frame,42.33726183333333,71.08642883333333,42.4,671881.2435943201,4689331.334448093,42,T
1695862847.9729643,343,152323,0,GPS1_Frame,42.33726133333333,71.08642433333333,42.7,671880.8742284526,4689331.269830657,42,T
1695862855.9847422,344,152324,0,GPS1_Frame,42.33726216666667,71.0864205,43.1,671880.5561525386,4689331.354617316,42,T
1695862863.996297,345,152325,0,GPS1_Frame,42.33726266666666,71.08641333333334,43.4,671879.9643713777,4689331.3956519365,42,T
1695862872.0053751,346,152326,0,GPS1_Frame,42.337265499999994,71.086416,43.4,671880.1763425902,4689331.715662308,42,T
1695862880.0152736,347,152327,0,GPS1_Frame,42.33726750000001,71.0864155,43.7,671880.1297014946,4689331.936736347,42,T
1695862888.0248008,348,152328,0,GPS1_Frame,42.33726933333334,71.086414,43.9,671880.0011304693,4689332.137281944,42,T
1695862896.0354042,349,152329,0,GPS1_Frame,42.33727166666666,71.08641633333333,44.1,671880.1870025856,4689332.401097341,42,T
1695862904.0462334,350,152330,0,GPS1_Frame,42.33727566666666,71.08641816666666,44.5,671880.3271417734,4689332.84897266,42,T
1695862912.0557013,351,152331,0,GPS1_Frame,42.3372775,71.08642033333334,45.5,671880.500645465,4689333.056929987,42,T
1695862920.0655265,352,152332,0,GPS1_Frame,42.337279833333334,71.086428,46.4,671881.1258989151,4689333.331526138,42,T
1695862928.0772626,353,152333,0,GPS1_Frame,42.3372805,71.08642833333333,47.1,671881.151543878,4689333.406228177,42,T
1695862936.0868168,354,152334,0,GPS1_Frame,42.33728066666666,71.08643083333332,47.7,671881.3570498028,4689333.429788719,42,T
1695862944.0974195,355,152335,0,GPS1_Frame,42.33728066666666,71.08643266666667,48.4,671881.5080871505,4689333.433494609,42,T
1695862952.106394,356,152336,0,GPS1_Frame,42.33727933333333,71.08643233333333,49.1,671881.4842585674,4689333.284764328,42,T
1695862960.1169128,357,152337,0,GPS1_Frame,42.337278500000004,71.08643366666666,49.8,671881.5963743842,4689333.1949242195,42,T
1695862968.1268644,358,152338,0,GPS1_Frame,42.33727733333333,71.086434,50.5,671881.627014383,4689333.066048595,42,T
1695862976.1362784,359,152339,0,GPS1_Frame,42.33727733333333,71.08643616666667,51.1,671881.8055130753,4689333.070428291,42,T
1695862984.147161,360,152340,0,GPS1_Frame,42.33727616666667,71.08643383333333,51.3,671881.616462373,4689332.936162271,42,T
1695862992.1543887,361,152341,0,GPS1_Frame,42.337273999999994,71.0864305,51.6,671881.347752214,4689332.688832498,42,T
1695863000.1636198,362,152342,0,GPS1_Frame,42.3372715,71.08642783333333,51.9,671881.1348728979,4689332.4058362115,42,T
1695863008.174401,363,152343,0,GPS1_Frame,42.337269166666665,71.08642466666667,52.1,671880.8803474634,4689332.140336298,42,T
1695863016.1863008,364,152344,0,GPS1_Frame,42.33726733333333,71.08642283333333,52.2,671880.7343050988,4689331.933052756,42,T
1695863024.1962354,365,152345,0,GPS1_Frame,42.337265166666675,71.08642,52.2,671880.5067868822,4689331.686733714,42,T
1695863032.2052069,366,152346,0,GPS1_Frame,42.33726333333334,71.08641833333333,52.2,671880.3744751677,4689331.479787078,42,T
1695863040.2145336,367,152347,0,GPS1_Frame,42.337261500000004,71.08641616666667,52.3,671880.2009714298,4689331.271829753,42,T
1695863048.2257466,368,152348,0,GPS1_Frame,42.337261500000004,71.0864155,52.1,671880.1460487428,4689331.270482167,42,T
1695863056.2367094,369,152349,0,GPS1_Frame,42.337261166666664,71.08641516666667,52.1,671880.1194955795,4689331.232794252,42,T
1695863064.2460887,370,152350,0,GPS1_Frame,42.337261500000004,71.08641533333333,52.0,671880.1323180711,4689331.270145271,42,T
1695863072.2556522,371,152351,0,GPS1_Frame,42.33726183333333,71.08641933333334,52.6,671880.4609460194,4689331.315244914,42,T
1695863080.2631967,372,152352,0,GPS1_Frame,42.337261000000005,71.08642233333333,53.5,671880.7103685723,4689331.228773764,42,T
1695863088.2746778,373,152353,0,GPS1_Frame,42.337263,71.08642316666666,53.2,671880.7735728292,4689331.452542978,42,T
1695863096.2853575,374,152354,0,GPS1_Frame,42.33726316666666,71.08642666666667,54.0,671881.061462845,4689331.478124896,42,T
1695863104.2961557,375,152355,0,GPS1_Frame,42.337266,71.08643133333334,54.3,671881.4382020601,4689331.802178089,42,T
1695863112.3058443,376,152356,0,GPS1_Frame,42.337272166666665,71.08643333333333,54.1,671881.586168628,4689332.490982119,42,T
1695863120.3150089,377,152357,0,GPS1_Frame,42.3372775,71.0864375,53.7,671881.9149043268,4689333.09163055,42,T
1695863128.3256056,378,152358,0,GPS1_Frame,42.33727833333334,71.0864375,53.4,671881.912633851,4689333.184165853,42,T
1695863136.33512,379,152359,0,GPS1_Frame,42.337278500000004,71.0864365,53.4,671881.8297957475,4689333.200651514,42,T
1695863144.3455985,380,152400,0,GPS1_Frame,42.33727833333334,71.08643583333334,53.4,671881.77532717,4689333.180796854,42,T
1695863152.3558369,381,152401,0,GPS1_Frame,42.33727999999999,71.0864375,53.2,671881.9080928996,4689333.369236457,42,T
1695863160.3652964,382,152402,0,GPS1_Frame,42.337281,71.08643616666667,53.1,671881.7955229885,4689333.477583623,42,T
1695863168.374662,383,152403,0,GPS1_Frame,42.337279833333334,71.0864365,53.3,671881.8261629881,4689333.348707998,42,T
1695863176.3850696,384,152404,0,GPS1_Frame,42.33728083333334,71.08643916666666,53.3,671882.0431291035,4689333.465140764,42,T
1695863184.3965,385,152405,0,GPS1_Frame,42.33728016666667,71.08644333333334,53.1,671882.3882121868,4689333.3995350385,42,T
1695863192.4068766,386,152406,0,GPS1_Frame,42.33728550000001,71.08644966666667,52.8,671882.8954464374,4689334.004563236,42,T
1695863200.4173763,387,152407,0,GPS1_Frame,42.33728250000001,71.08645033333333,52.7,671882.9585428694,4689333.672783752,42,T
1695863208.4280982,388,152408,0,GPS1_Frame,42.33728183333333,71.08645066666666,52.3,671882.9878205982,4689333.599429313,42,T
1695863216.4382873,389,152409,0,GPS1_Frame,42.33728266666667,71.08645233333333,51.8,671883.1228567796,4689333.695333639,42,T
1695863224.4485295,390,152410,0,GPS1_Frame,42.33728366666666,71.08645466666667,51.7,671883.3123615328,4689333.811092639,42,T
1695863232.4575493,391,152411,0,GPS1_Frame,42.33728333333333,71.08645716666666,51.4,671883.5192297403,4689333.779132065,42,T
1695863240.4689467,392,152412,0,GPS1_Frame,42.33728250000001,71.0864595,51.2,671883.7137295827,4689333.691313411,42,T
1695863248.4769077,393,152413,0,GPS1_Frame,42.33728066666666,71.08646216666666,51.1,671883.9384153683,4689333.493126204,42,T
1695863256.4854953,394,152414,0,GPS1_Frame,42.33727916666667,71.0864655,51.2,671884.2171156382,4689333.333300746,42,T
1695863264.4962435,395,152415,0,GPS1_Frame,42.33727783333334,71.0864675,51.3,671884.3855164711,4689333.189287118,42,T
1695863272.5052772,396,152416,0,GPS1_Frame,42.337277166666674,71.0864695,51.3,671884.5521009025,4689333.119301736,42,T
1695863280.5165298,397,152417,0,GPS1_Frame,42.33727650000001,71.08647266666667,51.2,671884.8148000172,4689333.0516746985,42,T
1695863288.5272849,398,152418,0,GPS1_Frame,42.33727483333334,71.08647383333333,51.2,671884.9154557292,4689332.868962433,42,T
1695863296.5370932,399,152419,0,GPS1_Frame,42.33727233333334,71.08647666666667,51.6,671885.1556886613,4689332.597083929,42,T
1695863304.5495381,400,152420,0,GPS1_Frame,42.337269666666664,71.08647866666666,51.5,671885.3277223613,4689332.305013837,42,T
1695863312.5586402,401,152421,0,GPS1_Frame,42.337272166666665,71.08647516666666,51.3,671885.0325667354,4689332.575544713,42,T
1695863320.5682669,402,152422,0,GPS1_Frame,42.337270999999994,71.08647633333334,51.6,671885.1318601507,4689332.448353631,42,T
1695863328.5785823,403,152423,0,GPS1_Frame,42.337271166666675,71.086477,51.7,671885.1863287259,4689332.468208318,42,T
1695863336.587641,404,152424,0,GPS1_Frame,42.33726983333333,71.08647916666668,52.1,671885.3684602694,4689332.324531618,42,T
1695863344.597044,405,152425,0,GPS1_Frame,42.337266666666665,71.08648616666666,52.4,671885.953776429,4689331.9870475745,42,T
1695863352.606688,406,152426,0,GPS1_Frame,42.33726616666666,71.08648783333334,52.6,671886.092445456,4689331.934895473,42,T
1695863360.616622,407,152427,0,GPS1_Frame,42.337263833333324,71.08649133333333,52.9,671886.3871470435,4689331.682871702,42,T
1695863368.6277676,408,152428,0,GPS1_Frame,42.33726450000001,71.08649050000001,52.8,671886.3166772607,4689331.755215403,42,T
1695863376.6376395,409,152429,0,GPS1_Frame,42.337266666666665,71.08648533333333,52.7,671885.8851230715,4689331.985363035,42,T
1695863384.6478274,410,152430,0,GPS1_Frame,42.337269500000005,71.08647816666667,52.9,671885.2869844552,4689332.285496057,42,T
1695863392.657567,411,152431,0,GPS1_Frame,42.33726616666666,71.086485,52.9,671885.8590240462,4689331.929168037,42,T
1695863400.6673865,412,152432,0,GPS1_Frame,42.33726716666667,71.08648883333333,52.6,671886.1721048455,4689332.047959288,42,T
1695863408.6770535,413,152433,0,GPS1_Frame,42.337270833333335,71.08648883333333,52.4,671886.1621145082,4689332.455114621,42,T
1695863416.6853452,414,152434,0,GPS1_Frame,42.33726766666667,71.0864985,52.5,671886.9671214309,4689332.1230212,42,T
1695863424.6949565,415,152435,0,GPS1_Frame,42.33726433333333,71.0865065,52.8,671887.6352758277,4689331.769051692,42,T
1695863432.7058418,416,152436,0,GPS1_Frame,42.337254833333326,71.086516,53.7,671888.4438084941,4689330.733353221,42,T
1695863440.7172742,417,152437,0,GPS1_Frame,42.337253,71.08652733333334,54.2,671889.3824895562,4689330.552685681,42,T
1695863448.7281053,418,152438,0,GPS1_Frame,42.33724600000001,71.08653666666667,54.7,671890.1704801928,4689329.794256394,42,T
1695863456.7404826,419,152439,0,GPS1_Frame,42.33724016666667,71.08654,55.0,671890.4609878043,4689329.153247599,42,T
1695863464.7526107,420,152440,0,GPS1_Frame,42.33723116666667,71.08655666666667,55.6,671891.8585780037,4689328.187558121,42,T
1695863472.76188,421,152441,0,GPS1_Frame,42.33722266666667,71.08656866666666,56.4,671892.8703471618,4689327.2679562885,42,T
1695863480.7727408,422,152442,0,GPS1_Frame,42.33720633333334,71.08658083333333,57.4,671893.917191179,4689325.478859673,42,T
1695863488.782182,423,152443,0,GPS1_Frame,42.337196999999996,71.08658799999999,58.4,671894.5330417239,4689324.456952004,42,T
1695863496.792924,424,152444,0,GPS1_Frame,42.33718766666666,71.08659533333334,59.3,671895.1626231314,4689323.435381311,42,T
1695863504.8019114,425,152445,0,GPS1_Frame,42.33717616666666,71.08659483333332,60.1,671895.1527659369,4689322.157383361,42,T
1695863512.8113132,426,152446,0,GPS1_Frame,42.337162000000006,71.08659733333334,61.3,671895.3973272658,4689320.589337109,42,T
1695863520.820443,427,152447,0,GPS1_Frame,42.33715300000001,71.08659733333334,62.4,671895.4218502266,4689319.589955846,42,T
1695863528.8324103,428,152448,0,GPS1_Frame,42.33714133333333,71.08659566666667,63.5,671895.3163322585,4689318.291092362,42,T
1695863536.8417811,429,152449,0,GPS1_Frame,42.337136166666674,71.08659466666667,64.4,671895.2480260428,4689317.71535194,42,T
1695863544.8511555,430,152450,0,GPS1_Frame,42.337128833333324,71.086591,65.5,671894.9659322534,4689316.8936289335,42,T
1695863552.8617651,431,152451,0,GPS1_Frame,42.33712083333333,71.08659083333333,66.8,671894.9739996581,4689316.004953115,42,T
1695863560.8739092,432,152452,0,GPS1_Frame,42.3371105,71.0865895,68.1,671894.8923098992,4689314.85481998,42,T
1695863568.881137,433,152453,0,GPS1_Frame,42.3371015,71.08658816666666,69.2,671894.8069870872,4689313.852743332,42,T
1695863576.8908749,434,152454,0,GPS1_Frame,42.33709283333333,71.0865785,69.9,671894.0342205412,4689312.870834642,42,T
1695863584.9018657,435,152455,0,GPS1_Frame,42.337089,71.08656816666667,70.8,671893.1933613927,4689312.424283104,42,T
1695863592.9108644,436,152456,0,GPS1_Frame,42.33708133333333,71.08656033333334,71.7,671892.5689075632,4689311.557123082,42,T
1695863600.9197223,437,152457,0,GPS1_Frame,42.337071833333326,71.08656216666667,72.8,671892.7458302601,4689310.505926771,42,T
1695863608.9281325,438,152458,0,GPS1_Frame,42.3370655,71.08655916666666,73.8,671892.515933969,4689309.796593932,42,T
1695863616.939218,439,152459,0,GPS1_Frame,42.337063333333326,71.08655350000001,74.6,671892.0549932043,4689309.544546902,42,T
1695863624.948635,440,152500,0,GPS1_Frame,42.33706183333334,71.08654700000001,75.5,671891.5235823635,4689309.364843559,42,T
1695863632.9593067,441,152501,0,GPS1_Frame,42.337060666666666,71.08654316666666,76.3,671891.2109547157,4689309.227545043,42,T
1695863640.9693432,442,152502,0,GPS1_Frame,42.33705683333333,71.08654016666667,77.1,671890.9742464868,4689308.79581816,42,T
1695863648.9809866,443,152503,0,GPS1_Frame,42.337056,71.08653433333333,77.9,671890.4959419724,4689308.691490803,42,T
1695863656.9908338,444,152504,0,GPS1_Frame,42.3370555,71.08653166666666,78.4,671890.2776128434,4689308.63057898,42,T
1695863665.0008504,445,152505,0,GPS1_Frame,42.33705816666667,71.08652333333333,78.9,671889.5838112023,4689308.909846222,42,T
1695863673.010688,446,152506,0,GPS1_Frame,42.33705966666666,71.08651433333333,79.7,671888.8382655247,4689309.058216461,42,T
1695863681.0204794,447,152507,0,GPS1_Frame,42.33706133333333,71.08650883333333,80.3,671888.380610805,4689309.232168974,42,T
1695863689.0296621,448,152508,0,GPS1_Frame,42.33706383333333,71.08650533333333,80.5,671888.0854541564,4689309.502699742,42,T
1695863697.039543,449,152509,0,GPS1_Frame,42.337068,71.08650200000001,80.5,671887.7994871711,4689309.958638033,42,T
1695863705.048684,450,152510,0,GPS1_Frame,42.337072000000006,71.0864985,80.6,671887.5002436108,4689310.395732366,42,T
1695863713.0589538,451,152511,0,GPS1_Frame,42.33707583333333,71.0864955,80.6,671887.2426463331,4689310.815330377,42,T
1695863721.0688846,452,152512,0,GPS1_Frame,42.337078999999996,71.08649183333334,80.8,671886.9319426558,4689311.159552522,42,T
1695863729.08016,453,152513,0,GPS1_Frame,42.33708183333333,71.086489,81.1,671886.6908007762,4689311.4684451,42,T
1695863737.0902069,454,152514,0,GPS1_Frame,42.337083666666665,71.08648483333333,81.4,671886.3425378529,4689311.663600066,42,T
1695863745.1009119,455,152515,0,GPS1_Frame,42.33709016666667,71.08648050000001,81.4,671885.967829362,4689312.376615823,42,T
1695863753.1114671,456,152516,0,GPS1_Frame,42.33709266666666,71.08647816666667,81.6,671885.7687878946,4689312.649505032,42,T
1695863761.1213555,457,152517,0,GPS1_Frame,42.337096833333334,71.08647566666667,81.8,671885.5514747155,4689313.107127941,42,T
1695863769.130377,458,152518,0,GPS1_Frame,42.33710116666666,71.08647316666666,81.8,671885.3337074593,4689313.583257915,42,T
1695863777.1414328,459,152519,0,GPS1_Frame,42.33710583333333,71.08646916666666,81.9,671884.9914556774,4689314.093369871,42,T
1695863785.150093,460,152520,0,GPS1_Frame,42.33710733333334,71.08646683333333,82.2,671884.795138893,4689314.2552167475,42,T
1695863793.159456,461,152521,0,GPS1_Frame,42.33710716666666,71.08646333333333,82.7,671884.5072481731,4689314.229634696,42,T
1695863801.16932,462,152522,0,GPS1_Frame,42.3371095,71.0864625,82.8,671884.4322372586,4689314.487049016,42,T
1695863809.1786962,463,152523,0,GPS1_Frame,42.337112833333336,71.0864625,82.7,671884.4231552762,4689314.857190221,42,T
1695863817.18968,464,152524,0,GPS1_Frame,42.337114166666666,71.08646066666667,83.0,671884.2684847362,4689315.001540759,42,T
1695863825.2004,465,152525,0,GPS1_Frame,42.33711566666666,71.08645866666667,83.3,671884.0996294005,4689315.164061459,42,T
1695863833.209569,466,152526,0,GPS1_Frame,42.33711866666666,71.08645616666666,83.2,671883.8854950827,4689315.492134994,42,T
1695863841.2172108,467,152527,0,GPS1_Frame,42.33711916666666,71.08645266666667,83.4,671883.5957880265,4689315.540581221,42,T
1695863849.2290046,468,152528,0,GPS1_Frame,42.33711766666667,71.08644583333333,84.3,671883.0369160596,4689315.360204706,42,T
1695863857.2369933,469,152529,0,GPS1_Frame,42.337115499999996,71.08643916666666,85.2,671882.4935911457,4689315.106136895,42,T
1695863865.2482796,470,152530,0,GPS1_Frame,42.337111500000006,71.08643233333333,86.5,671881.9415305082,4689314.648154572,42,T
1695863873.2575476,471,152531,0,GPS1_Frame,42.3371075,71.08642466666667,88.1,671881.3208162722,4689314.188487802,42,T
1695863881.2675877,472,152532,0,GPS1_Frame,42.33710333333333,71.08641866666667,89.6,671880.8378631086,4689313.713682997,42,T
1695863889.2757213,473,152533,0,GPS1_Frame,42.33710083333334,71.08641416666666,90.6,671880.4739453581,4689313.426980893,42,T
1695863897.285353,474,152534,0,GPS1_Frame,42.33709916666667,71.08641083333333,91.5,671880.2038720966,4689313.235172375,42,T
1695863905.2970448,475,152535,0,GPS1_Frame,42.3371005,71.08641033333333,91.8,671880.159047274,4689313.382218168,42,T
1695863913.3084273,476,152536,0,GPS1_Frame,42.33709983333333,71.08640933333332,92.4,671880.0784793787,4689313.306168556,42,T
1695863921.3194718,477,152537,0,GPS1_Frame,42.33710016666667,71.08640583333334,93.5,671879.7892263549,4689313.336107881,42,T
1695863929.3287466,478,152538,0,GPS1_Frame,42.33709666666667,71.08639633333334,96.1,671879.0161118221,4689312.9282566635,42,T
1695863937.3401647,479,152539,0,GPS1_Frame,42.33709316666667,71.08638616666667,99.1,671878.1880743664,4689312.519057968,42,T
1695863945.3488705,480,152540,0,GPS1_Frame,42.337089500000005,71.086375,102.3,671877.2781066424,4689312.089330977,42,T
1695863953.3561158,481,152541,0,GPS1_Frame,42.33708450000001,71.08636316666666,105.8,671876.3168485874,4689311.510200074,42,T
1695863961.3679805,482,152542,0,GPS1_Frame,42.337080833333324,71.0863525,108.9,671875.4480727596,4689311.081483986,42,T
1695863969.3790069,483,152543,0,GPS1_Frame,42.337074,71.08634,112.9,671874.4368863651,4689310.297428152,42,T
1695863977.3887515,484,152544,0,GPS1_Frame,42.33706816666666,71.0863275,116.4,671873.4229753318,4689309.624414824,42,T
1695863985.3984907,485,152545,0,GPS1_Frame,42.33706266666666,71.08631516666667,119.8,671872.4218866865,4689308.988752652,42,T
1695863993.4098167,486,152546,0,GPS1_Frame,42.33705916666666,71.08630433333333,122.5,671871.5389255425,4689308.578207251,42,T
1695864001.4201548,487,152547,0,GPS1_Frame,42.33705533333333,71.08629383333333,124.7,671870.684333856,4689308.131321598,42,T
1695864009.4315226,488,152548,0,GPS1_Frame,42.3370525,71.08628300000001,127.0,671869.7995562723,4689307.794804659,42,T
1695864017.4413333,489,152549,0,GPS1_Frame,42.33705033333334,71.086274,129.0,671869.0640002762,4689307.5360216815,42,T
1695864025.452099,490,152550,0,GPS1_Frame,42.33704983333334,71.08626516666666,130.4,671868.3376343936,4689307.462646251,42,T
1695864033.4614925,491,152551,0,GPS1_Frame,42.337050166666664,71.08625533333334,131.9,671867.5266139235,4689307.479784971,42,T
1695864041.4723883,492,152552,0,GPS1_Frame,42.33705383333333,71.08624933333334,132.4,671867.0223189297,4689307.874812969,42,T
1695864049.48129,493,152553,0,GPS1_Frame,42.33705716666667,71.08624216666666,133.3,671866.4228170798,4689308.230468805,42,T
1695864057.491955,494,152554,0,GPS1_Frame,42.337060666666666,71.08623466666667,134.0,671865.7953998101,4689308.603958017,42,T
1695864065.5010164,495,152555,0,GPS1_Frame,42.33706383333333,71.08622833333334,134.7,671865.2650057103,4689308.942791224,42,T
1695864073.5120342,496,152556,0,GPS1_Frame,42.33706583333333,71.08622216666666,135.7,671864.7515206991,4689309.152411915,42,T
1695864081.522786,497,152557,0,GPS1_Frame,42.33706766666666,71.0862155,136.6,671864.1972976238,4689309.342514995,42,T
1695864089.5338604,498,152558,0,GPS1_Frame,42.33707016666667,71.08620966666668,137.2,671863.7099119769,4689309.60833067,42,T
1695864097.541673,499,152559,0,GPS1_Frame,42.33707233333333,71.08620433333334,137.8,671863.2646265912,4689309.838142844,42,T
1695864105.5539727,500,152600,0,GPS1_Frame,42.33707433333334,71.08619866666666,138.5,671862.7923338482,4689310.048774263,42,T
1695864113.5639296,501,152601,0,GPS1_Frame,42.337077,71.08619300000001,139.2,671862.3182249785,4689310.333433952,42,T
1695864121.5739532,502,152602,0,GPS1_Frame,42.337077833333325,71.08618633333334,140.5,671861.7667263022,4689310.412494859,42,T
1695864129.5822217,503,152603,0,GPS1_Frame,42.3370775,71.08618,141.8,671861.2458673265,4689310.362680109,42,T
1695864137.5895367,504,152604,0,GPS1_Frame,42.337074833333325,71.08617216666667,144.0,671860.6077884338,4689310.050734846,42,T
1695864145.6001534,505,152605,0,GPS1_Frame,42.33707233333333,71.08616483333334,146.1,671860.0104475928,4689309.758307273,42,T
1695864153.6095867,506,152606,0,GPS1_Frame,42.337069500000005,71.086159,148.2,671859.5375911909,4689309.431897324,42,T
1695864161.6221385,507,152607,0,GPS1_Frame,42.33706533333334,71.08615433333333,150.1,671859.1644819982,4689308.959788906,42,T
1695864169.6346228,508,152608,0,GPS1_Frame,42.337060333333326,71.08614899999999,152.3,671858.7387200431,4689308.393797801,42,T
1695864177.644742,509,152609,0,GPS1_Frame,42.33705583333334,71.08614433333334,154.4,671858.366518799,4689307.884675313,42,T
1695864185.6529684,510,152610,0,GPS1_Frame,42.33706116666667,71.0861475,152.9,671858.6128734545,4689308.483301422,42,T
1695864193.6636636,511,152611,0,GPS1_Frame,42.3370595,71.08614566666667,154.1,671858.46637588,4689308.2945254445,42,T
1695864201.6749957,512,152612,0,GPS1_Frame,42.3370595,71.08614483333334,154.1,671858.3977223022,4689308.292841182,42,T
1695864209.6835904,513,152613,0,GPS1_Frame,42.33706183333334,71.08614616666667,153.4,671858.5012116099,4689308.554634837,42,T
1695864217.6939757,514,152614,0,GPS1_Frame,42.33706300000001,71.086146,153.2,671858.4843026866,4689308.683847403,42,T
1695864225.7054434,515,152615,0,GPS1_Frame,42.337061666666656,71.08614166666666,154.3,671858.1309363246,4689308.527032763,42,T
1695864233.7166915,516,152616,0,GPS1_Frame,42.33705966666666,71.08613566666666,155.6,671857.6420789037,4689308.292821392,42,T
1695864241.7266417,517,152617,0,GPS1_Frame,42.33705916666666,71.08613050000001,156.5,671857.2177887942,4689308.226857847,42,T
1695864249.7381108,518,152618,0,GPS1_Frame,42.33705799999999,71.08612483333333,157.8,671856.754122627,4689308.085855537,42,T
1695864257.7463253,519,152619,0,GPS1_Frame,42.33705683333333,71.0861195,159.1,671856.3179178791,4689307.945526957,42,T
1695864265.7559967,520,152620,0,GPS1_Frame,42.3370555,71.08611316666666,160.8,671855.7997828352,4689307.784670262,42,T
1695864273.7636404,521,152621,0,GPS1_Frame,42.337053166666664,71.08610633333333,162.6,671855.2431797455,4689307.511760706,42,T
1695864281.7750518,522,152622,0,GPS1_Frame,42.33705283333334,71.08610166666668,163.6,671854.8596277086,4689307.465314902,42,T
1695864289.783704,523,152623,0,GPS1_Frame,42.33705166666667,71.0860955,165.4,671854.3547692994,4689307.323302219,42,T
1695864297.7940087,524,152624,0,GPS1_Frame,42.33704833333333,71.08608683333334,167.8,671853.6498523232,4689306.935645148,42,T
1695864305.8046854,525,152625,0,GPS1_Frame,42.337044666666664,71.08607683333334,170.6,671852.835997551,4689306.5082793,42,T
1695864313.815209,526,152626,0,GPS1_Frame,42.33704133333334,71.086068,172.5,671852.1173496943,4689306.120285549,42,T
1695864321.825451,527,152627,0,GPS1_Frame,42.33703916666666,71.08606016666666,174.1,671851.4779080097,4689305.863862322,42,T
1695864329.8356605,528,152628,0,GPS1_Frame,42.33703983333333,71.08605416666666,175.2,671850.9817860427,4689305.92576438,42,T
1695864337.8458867,529,152629,0,GPS1_Frame,42.33704133333334,71.086049,175.9,671850.5520476465,4689306.081885956,42,T
1695864345.8564382,530,152630,0,GPS1_Frame,42.337041500000005,71.08604266666666,177.1,671850.0298262892,4689306.087593229,42,T
1695864353.8658006,531,152631,0,GPS1_Frame,42.33704049999999,71.086036,178.5,671849.4833215374,4689305.963077454,42,T
1695864361.8764372,532,152632,0,GPS1_Frame,42.33703966666667,71.08603016666666,179.8,671849.005016363,4689305.858752953,42,T
1695864369.8877144,533,152633,0,GPS1_Frame,42.33703816666666,71.0860245,180.9,671848.5422579104,4689305.680737078,42,T
1695864377.897213,534,152634,0,GPS1_Frame,42.337036999999995,71.08602083333334,181.7,671848.243360076,4689305.543777342,42,T
1695864385.9066818,535,152635,0,GPS1_Frame,42.337036166666664,71.08601766666668,182.3,671847.9847463932,4689305.444842233,42,T
1695864393.9173164,536,152636,0,GPS1_Frame,42.337035666666665,71.08601566666667,182.5,671847.8213397461,4689305.385279073,42,T
1695864401.9247758,537,152637,0,GPS1_Frame,42.33703383333333,71.08601233333334,183.3,671847.5517193336,4689305.174964794,42,T
1695864409.9339774,538,152638,0,GPS1_Frame,42.33703166666666,71.08600849999999,184.5,671847.2418147358,4689304.926625914,42,T
1695864417.9447331,539,152639,0,GPS1_Frame,42.337028333333336,71.08600416666667,185.8,671846.8938959398,4689304.547727143,42,T
1695864425.9560325,540,152640,0,GPS1_Frame,42.33702433333333,71.08599916666667,187.4,671846.4928702037,4689304.093452838,42,T
1695864433.965664,541,152641,0,GPS1_Frame,42.33702,71.08599366666667,189.2,671846.051560235,4689303.601153955,42,T
1695864441.9744916,542,152642,0,GPS1_Frame,42.337015,71.08598950000001,190.5,671845.7219119837,4689303.037521483,42,T
1695864449.9855525,543,152643,0,GPS1_Frame,42.33701383333334,71.08599066666667,189.4,671845.8212050319,4689302.91032986,42,T
1695864457.9949281,544,152644,0,GPS1_Frame,42.3370115,71.08599283333334,188.3,671846.0060604069,4689302.65560979,42,T
1695864466.0050967,545,152645,0,GPS1_Frame,42.33700983333333,71.08599550000001,187.0,671846.2302919921,4689302.475928444,42,T
1695864474.0147748,546,152646,0,GPS1_Frame,42.33700866666666,71.08600183333333,184.9,671846.7552375825,4689302.359178524,42,T
1695864482.023636,547,152647,0,GPS1_Frame,42.33700699999999,71.08600633333334,183.3,671847.1305071946,4689302.183202334,42,T
1695864490.032772,548,152648,0,GPS1_Frame,42.337006,71.08600966666667,181.7,671847.4078457353,4689302.078896586,42,T
1695864498.0439024,549,152649,0,GPS1_Frame,42.337005500000004,71.08601316666666,180.3,671847.6975530114,4689302.030448856,42,T
1695864506.054972,550,152650,0,GPS1_Frame,42.337006833333334,71.08601833333334,178.2,671848.1195735533,4689302.1889471095,42,T
1695864514.0678375,551,152651,0,GPS1_Frame,42.3370075,71.08602266666666,176.3,671848.4747564497,4689302.271732988,42,T
1695864522.0759463,552,152652,0,GPS1_Frame,42.3370105,71.08602833333333,173.8,671848.9334291049,4689302.616312385,42,T
1695864530.085321,553,152653,0,GPS1_Frame,42.33701083333334,71.08603166666667,172.3,671849.2071356246,4689302.66006318,42,T
1695864538.0964384,554,152654,0,GPS1_Frame,42.33700733333333,71.086031,172.3,671849.161746809,4689302.270067597,42,T
1695864546.1057649,555,152655,0,GPS1_Frame,42.337006833333334,71.086031,171.8,671849.1631088217,4689302.21454642,42,T
1695864554.1146297,556,152656,0,GPS1_Frame,42.33700633333333,71.08603199999999,170.9,671849.2468551964,4689302.161046245,42,T
1695864562.123173,557,152657,0,GPS1_Frame,42.33700766666666,71.08603566666667,169.3,671849.5452991577,4689302.316513079,42,T
1695864570.1313663,558,152658,0,GPS1_Frame,42.337004166666674,71.08603633333334,169.9,671849.6097561771,4689301.929212173,42,T
1695864578.1424074,559,152659,0,GPS1_Frame,42.337000999999994,71.08603433333333,170.9,671849.4536135357,4689301.573536027,42,T
1695864586.1534421,560,152700,0,GPS1_Frame,42.33699766666667,71.08603116666667,172.2,671849.2018097794,4689301.19699499,42,T
1695864594.1626568,561,152701,0,GPS1_Frame,42.336996666666664,71.08602850000001,172.9,671848.9848421339,4689301.080563292,42,T
1695864602.1727674,562,152702,0,GPS1_Frame,42.336998166666675,71.08602816666667,172.4,671848.9532946399,4689301.246453159,42,T
1695864610.1836073,563,152703,0,GPS1_Frame,42.336993833333324,71.08602716666665,172.6,671848.8827143522,4689300.763248613,42,T
1695864618.194023,564,152704,0,GPS1_Frame,42.33699166666667,71.08602649999999,172.9,671848.8336934714,4689300.52130951,42,T
1695864626.2045977,565,152705,0,GPS1_Frame,42.33699,71.086025,173.2,671848.7146569248,4689300.333207418,42,T
1695864634.215024,566,152706,0,GPS1_Frame,42.33698883333333,71.08602433333334,173.2,671848.6629120207,4689300.202310672,42,T
1695864642.2243104,567,152707,0,GPS1_Frame,42.33698583333333,71.08602716666665,172.3,671848.9045065066,4689299.874909767,42,T
1695864650.2339895,568,152708,0,GPS1_Frame,42.33697516666666,71.08602966666668,171.7,671849.1395237185,4689298.695510478,42,T
1695864658.2456975,569,152709,0,GPS1_Frame,42.33696433333333,71.0860315,170.9,671849.3200720536,4689297.4962568,42,T
1695864666.257424,570,152710,0,GPS1_Frame,42.33695550000001,71.08603333333333,170.3,671849.4951723813,4689296.519087839,42,T
1695864674.2662654,571,152711,0,GPS1_Frame,42.336946000000005,71.086035,169.7,671849.6583580254,4689295.467553808,42,T
1695864682.273465,572,152712,0,GPS1_Frame,42.336937166666665,71.08603566666667,169.3,671849.7373432365,4689294.48802701,42,T
1695864690.2850943,573,152713,0,GPS1_Frame,42.336934500000005,71.086036,168.7,671849.7720687932,4689294.192587733,42,T
1695864698.2961853,574,152714,0,GPS1_Frame,42.336925,71.08603633333334,168.5,671849.8254085478,4689293.138359032,42,T
1695864706.307825,575,152715,0,GPS1_Frame,42.336919,71.08603616666666,168.1,671849.8280219658,4689292.471768068,42,T
1695864714.3196065,576,152716,0,GPS1_Frame,42.3369145,71.08603433333333,168.6,671849.6892418688,4689291.968372291,42,T
1695864722.3289652,577,152717,0,GPS1_Frame,42.33691633333333,71.08603,169.1,671849.3272484026,4689292.163192252,42,T
1695864730.3389058,578,152718,0,GPS1_Frame,42.33691883333333,71.08602566666667,169.9,671848.9634389501,4689292.432040471,42,T
1695864738.3485713,579,152719,0,GPS1_Frame,42.33691683333333,71.08602133333333,170.9,671848.6118875593,4689292.20119811,42,T
1695864746.357074,580,152720,0,GPS1_Frame,42.336915,71.08601833333334,171.4,671848.3697281249,4689291.99155748,42,T
1695864754.3675044,581,152721,0,GPS1_Frame,42.33691233333334,71.08601733333333,171.4,671848.2946076478,4689291.693423545,42,T
1695864762.3731742,582,152722,0,GPS1_Frame,42.33690766666667,71.08601683333333,171.3,671848.2661274107,4689291.174215397,42,T
1695864770.3873668,583,152723,0,GPS1_Frame,42.33691183333334,71.086018,169.0,671848.3508926395,4689291.639249696,42,T
1695864778.3967452,584,152724,0,GPS1_Frame,42.33691933333333,71.08602683333334,163.5,671849.0581921672,4689292.48991948,42,T
1695864786.4083872,585,152725,0,GPS1_Frame,42.33692066666667,71.08602850000001,162.1,671849.191867608,4689292.641344287,42,T
1695864794.4195693,586,152726,0,GPS1_Frame,42.3369205,71.0860295,161.6,671849.2747060852,4689292.62485823,42,T
1695864809.4408107,587,151741,0,GPS1_Frame,42.337174000000005,71.08642083333334,71.6,671880.8238280108,4689321.565056168,42,T
1695864817.4488149,588,151742,0,GPS1_Frame,42.337176,71.08642233333333,71.3,671880.9419551413,4689321.790172966,42,T
